"","userID","age","sex","edu","major","work","IAT","self","HPC","perf","impr"
"1","U1",27,"F","HighO",FALSE,TRUE,27,3,11,54,-1
"2","U2",30,"M","Univ",FALSE,TRUE,31,1,8,55,-8
"3","U3",31,"M","Univ",FALSE,TRUE,19,5,8,59,-5
"4","U4",30,"F","Univ",FALSE,TRUE,27,4,17,56,-3
"5","U5",40,"F","Univ",FALSE,TRUE,25,2,12,52,-2
"6","U6",29,"M","Univ",FALSE,FALSE,35,3,10,47,5
"7","U7",26,"M","Univ",TRUE,TRUE,29,1,5,55,3
"8","U8",26,"M","GradO",FALSE,TRUE,29,5,9,63,-12
"9","U9",29,"F","Univ",FALSE,TRUE,38,4,11,55,-2
"10","U10",31,"F","Grad",FALSE,TRUE,30,2,9,59,-8
"11","U11",29,"M","Univ",FALSE,FALSE,35,3,11,49,8
"12","U12",31,"F","Grad",FALSE,TRUE,26,1,9,55,-7
"13","U13",24,"M","UnivO",FALSE,TRUE,21,5,11,61,-6
"14","U14",22,"M","Univ",FALSE,TRUE,16,4,5,55,0
"15","U15",26,"F","Univ",FALSE,TRUE,37,2,14,47,9
"16","U16",35,"M","Univ",FALSE,TRUE,26,3,10,48,5
"17","U17",25,"M","Univ",FALSE,FALSE,30,1,8,56,-1
"18","U18",24,"M","Grad",FALSE,FALSE,32,5,19,50,0
"19","U19",27,"M","Univ",FALSE,TRUE,30,4,11,52,1
"20","U20",26,"M","Univ",FALSE,FALSE,25,2,11,50,4
"21","U21",26,"F","Univ",TRUE,TRUE,35,3,13,56,-3
"22","U22",27,"M","GradO",FALSE,TRUE,30,1,7,57,-5
"23","U23",24,"M","Univ",FALSE,FALSE,19,5,11,45,10
"24","U24",27,"F","Grad",FALSE,TRUE,32,4,7,53,-2
"25","U25",25,"M","GradO",FALSE,TRUE,32,2,10,56,-5
"26","U26",48,"M","Grad",FALSE,TRUE,27,3,12,52,2
"27","U27",31,"F","UnivO",FALSE,TRUE,30,1,11,55,0
"28","U28",20,"M","Univ",FALSE,TRUE,33,5,14,56,-3
"29","U29",41,"F","High",FALSE,TRUE,31,4,20,47,6
"30","U30",24,"F","Univ",FALSE,TRUE,29,2,5,52,1
"31","U31",30,"M","Univ",FALSE,TRUE,18,3,9,55,-2
"32","U32",25,"M","High",FALSE,TRUE,27,1,10,52,5
"33","U33",24,"F","HighO",FALSE,TRUE,37,5,8,59,-6
"34","U34",31,"F","Univ",FALSE,TRUE,34,4,14,62,-7
"35","U35",26,"M","GradO",FALSE,TRUE,30,2,7,53,-1
"36","U36",32,"F","Univ",FALSE,TRUE,28,3,16,55,0
"37","U37",25,"M","GradO",FALSE,TRUE,35,1,14,53,2
"38","U38",24,"F","GradO",FALSE,TRUE,24,5,12,54,4
"39","U39",22,"F","Univ",FALSE,TRUE,31,4,12,59,-9
"40","U40",40,"M","Grad",FALSE,TRUE,33,2,14,58,-4
"41","U41",28,"F","Univ",FALSE,TRUE,26,3,6,55,-3
"42","U42",29,"M","Univ",TRUE,TRUE,31,1,8,59,-5
"43","U43",24,"M","UnivO",FALSE,TRUE,32,5,9,52,-1
"44","U44",28,"F","Grad",FALSE,TRUE,30,4,11,56,-1
"45","U45",27,"M","UnivO",FALSE,FALSE,34,2,13,50,8
"46","U46",28,"M","High",FALSE,TRUE,27,3,6,51,7
"47","U47",30,"M","UnivO",FALSE,FALSE,39,1,11,51,9
"48","U48",31,"F","High",FALSE,FALSE,30,5,7,51,6
"49","U49",24,"F","UnivO",FALSE,TRUE,33,4,10,46,7
"50","U50",33,"F","High",FALSE,FALSE,32,2,9,52,3
"51","U51",26,"F","Univ",FALSE,TRUE,18,3,8,55,-2
"52","U52",27,"F","High",FALSE,FALSE,32,1,13,44,7
"53","U53",35,"M","Univ",FALSE,FALSE,30,5,10,56,-1
"54","U54",31,"F","Univ",TRUE,TRUE,21,4,7,60,-13
"55","U55",24,"F","Univ",TRUE,TRUE,31,2,7,59,-5
"56","U56",30,"F","Univ",FALSE,TRUE,26,3,5,48,0
"57","U57",31,"M","GradO",FALSE,FALSE,30,1,10,50,2
"58","U58",32,"M","High",FALSE,TRUE,18,5,5,54,6
"59","U59",24,"M","Univ",FALSE,FALSE,28,4,14,51,4
"60","U60",36,"M","GradO",FALSE,TRUE,45,2,15,50,4
"61","U61",50,"M","Univ",FALSE,TRUE,23,3,5,55,-3
"62","U62",24,"M","Univ",FALSE,TRUE,26,1,9,59,-6
"63","U63",27,"M","UnivO",FALSE,TRUE,27,5,13,57,-3
"64","U64",26,"F","High",FALSE,TRUE,18,4,20,64,-12
"65","U65",25,"M","Univ",FALSE,TRUE,28,2,12,54,-2
"66","U66",35,"M","Univ",TRUE,TRUE,31,3,11,49,0
"67","U67",26,"M","Grad",FALSE,FALSE,33,1,11,52,5
"68","U68",28,"F","High",FALSE,TRUE,38,5,5,56,-4
"69","U69",24,"M","UnivO",FALSE,FALSE,31,4,14,46,5
"70","U70",31,"F","Univ",FALSE,TRUE,25,2,8,50,1
"71","U71",27,"M","Univ",FALSE,TRUE,31,3,13,53,1
"72","U72",41,"F","Univ",FALSE,TRUE,34,1,9,52,2
"73","U73",26,"F","High",FALSE,TRUE,32,5,7,58,-3
"74","U74",34,"M","Univ",FALSE,TRUE,38,4,11,49,1
"75","U75",24,"M","High",FALSE,FALSE,27,2,9,48,2
"76","U76",29,"M","Univ",TRUE,TRUE,22,3,9,50,2
"77","U77",24,"M","High",FALSE,TRUE,25,1,6,48,3
"78","U78",27,"F","High",FALSE,TRUE,20,5,12,58,-6
"79","U79",24,"M","Univ",FALSE,TRUE,15,4,11,43,8
"80","U80",28,"F","Grad",FALSE,TRUE,33,2,10,46,8
"81","U81",22,"F","Univ",FALSE,TRUE,35,3,18,50,-1
"82","U82",29,"M","UnivO",FALSE,TRUE,17,1,9,50,6
"83","U83",27,"M","Univ",FALSE,TRUE,30,5,14,56,-9
"84","U84",29,"M","Univ",FALSE,FALSE,22,4,17,55,-8
"85","U85",26,"F","GradO",FALSE,TRUE,29,2,7,57,-1
"86","U86",45,"M","HighO",FALSE,TRUE,21,3,11,50,4
"87","U87",26,"F","GradO",FALSE,TRUE,33,1,14,57,-7
"88","U88",24,"F","High",FALSE,FALSE,38,5,10,49,4
"89","U89",25,"M","Univ",FALSE,FALSE,28,4,11,49,6
"90","U90",36,"M","GradO",TRUE,TRUE,32,2,12,57,-3
"91","U91",25,"F","High",FALSE,TRUE,45,3,18,53,1
"92","U92",20,"M","UnivO",FALSE,TRUE,31,1,13,57,-3
"93","U93",24,"M","Univ",FALSE,TRUE,22,5,8,48,4
"94","U94",25,"F","HighO",FALSE,FALSE,21,4,13,51,5
"95","U95",27,"M","Univ",FALSE,TRUE,31,2,5,57,-3
"96","U96",30,"M","Univ",FALSE,FALSE,29,3,11,57,-2
"97","U97",24,"F","Univ",FALSE,TRUE,24,1,11,46,5
"98","U98",24,"F","Univ",FALSE,TRUE,25,5,19,55,-2
"99","U99",27,"M","Univ",TRUE,TRUE,34,4,12,59,-4
"100","U100",32,"F","High",FALSE,FALSE,31,2,6,44,9
"101","U101",27,"F","Univ",FALSE,FALSE,32,3,8,50,5
"102","U102",31,"F","UnivO",FALSE,TRUE,28,1,7,54,-5
"103","U103",26,"F","UnivO",FALSE,TRUE,38,5,9,59,-4
"104","U104",27,"F","High",FALSE,FALSE,25,4,12,52,-1
"105","U105",24,"F","UnivO",FALSE,FALSE,29,2,7,47,10
"106","U106",24,"F","HighO",FALSE,TRUE,29,3,17,54,4
"107","U107",26,"F","Univ",FALSE,TRUE,29,1,12,58,-4
"108","U108",24,"F","Univ",FALSE,TRUE,29,5,18,53,0
"109","U109",28,"F","GradO",FALSE,FALSE,32,4,18,54,-2
"110","U110",26,"F","Univ",FALSE,FALSE,34,2,12,53,9
"111","U111",33,"M","HighO",FALSE,FALSE,25,3,14,48,12
"112","U112",26,"F","Grad",FALSE,TRUE,31,1,10,57,-8
"113","U113",20,"M","Univ",FALSE,TRUE,28,5,10,57,-4
"114","U114",24,"M","Univ",FALSE,TRUE,27,4,8,50,3
"115","U115",24,"M","GradO",FALSE,TRUE,35,2,5,57,-2
"116","U116",23,"M","Univ",FALSE,TRUE,27,3,12,47,5
"117","U117",21,"M","GradO",FALSE,FALSE,29,1,12,40,15
"118","U118",26,"F","Univ",TRUE,TRUE,28,5,6,59,-10
"119","U119",26,"M","High",FALSE,TRUE,21,4,8,58,0
"120","U120",32,"M","GradO",FALSE,FALSE,45,2,13,46,10
"121","U121",35,"M","Univ",FALSE,FALSE,35,3,14,48,7
"122","U122",22,"F","High",FALSE,TRUE,26,1,7,59,-9
"123","U123",20,"M","Univ",FALSE,TRUE,26,5,6,52,0
"124","U124",23,"M","Grad",FALSE,FALSE,28,4,10,50,7
"125","U125",28,"M","Univ",FALSE,TRUE,33,2,9,57,-4
"126","U126",27,"F","High",FALSE,TRUE,22,3,9,51,3
"127","U127",24,"M","Univ",FALSE,TRUE,34,1,10,57,1
"128","U128",30,"F","UnivO",FALSE,FALSE,19,5,6,49,6
"129","U129",29,"F","Univ",TRUE,TRUE,17,4,8,64,-10
"130","U130",26,"F","GradO",FALSE,TRUE,35,2,5,59,-9
"131","U132",29,"F","Univ",FALSE,TRUE,44,1,9,58,-4
"132","U133",26,"F","GradO",FALSE,FALSE,25,5,8,51,3
"133","U134",28,"M","Univ",FALSE,FALSE,31,4,12,53,0
"134","U135",23,"F","Univ",FALSE,FALSE,30,2,13,43,12
"135","U136",31,"F","High",FALSE,TRUE,22,3,13,57,-2
"136","U137",23,"F","Grad",FALSE,TRUE,25,1,7,49,4
"137","U138",29,"F","High",FALSE,TRUE,30,5,13,57,-10
"138","U139",31,"M","High",FALSE,FALSE,35,4,14,46,10
"139","U140",46,"M","Univ",FALSE,TRUE,25,2,12,53,-2
"140","U141",31,"F","High",FALSE,TRUE,35,3,5,56,-3
"141","U142",20,"F","Univ",FALSE,TRUE,25,1,9,56,-4
"142","U143",26,"M","UnivO",FALSE,FALSE,30,5,11,56,-1
"143","U144",30,"M","Univ",FALSE,TRUE,32,4,14,50,7
"144","U145",24,"F","Univ",FALSE,TRUE,25,2,11,55,2
"145","U146",28,"M","UnivO",FALSE,TRUE,29,3,6,55,0
"146","U147",33,"F","Univ",TRUE,FALSE,25,1,9,49,0
"147","U148",31,"M","Univ",FALSE,FALSE,28,5,10,55,-2
"148","U149",20,"F","Univ",FALSE,TRUE,15,4,9,49,9
"149","U150",29,"F","Univ",FALSE,FALSE,24,2,12,51,1
"150","U151",31,"M","HighO",FALSE,TRUE,44,3,12,50,1
"151","U152",26,"F","GradO",FALSE,TRUE,33,1,15,51,1
"152","U153",25,"F","UnivO",FALSE,FALSE,25,5,13,50,4
"153","U154",37,"M","HighO",FALSE,TRUE,35,4,20,59,-5
"154","U155",26,"F","High",FALSE,TRUE,16,2,8,61,-8
"155","U156",20,"F","High",FALSE,TRUE,30,3,20,52,2
"156","U157",29,"M","Univ",FALSE,TRUE,33,1,8,58,0
"157","U158",23,"F","Univ",FALSE,FALSE,27,5,7,43,12
"158","U159",25,"M","High",FALSE,FALSE,29,4,14,47,5
"159","U160",31,"M","Univ",FALSE,TRUE,30,2,11,53,5
"160","U161",29,"M","UnivO",FALSE,TRUE,19,3,10,51,-1
"161","U162",29,"M","High",FALSE,TRUE,33,1,10,51,-1
"162","U163",30,"M","Univ",TRUE,TRUE,29,5,12,49,2
"163","U164",26,"F","Univ",FALSE,TRUE,31,4,6,63,-9
"164","U165",26,"F","Univ",TRUE,FALSE,31,2,12,51,0
"165","U166",28,"M","GradO",FALSE,TRUE,25,3,10,48,6
"166","U167",31,"M","Univ",FALSE,FALSE,21,1,9,51,4
"167","U168",26,"M","Univ",FALSE,TRUE,22,5,6,64,-12
"168","U169",48,"F","Univ",FALSE,TRUE,24,4,13,53,-1
"169","U170",26,"M","High",FALSE,FALSE,23,2,7,49,1
"170","U171",35,"F","High",FALSE,TRUE,34,3,5,50,4
"171","U172",29,"M","GradO",FALSE,TRUE,30,1,11,51,3
"172","U173",34,"F","GradO",FALSE,FALSE,25,5,17,55,-2
"173","U174",31,"F","Univ",TRUE,TRUE,34,4,9,58,-5
"174","U175",26,"F","Univ",FALSE,TRUE,20,2,10,54,-3
"175","U176",33,"M","Univ",FALSE,TRUE,31,3,14,51,3
"176","U177",29,"F","Univ",FALSE,TRUE,20,1,9,58,-7
"177","U178",29,"F","UnivO",TRUE,TRUE,30,5,10,57,-1
"178","U179",26,"F","Univ",FALSE,TRUE,28,4,10,63,-12
"179","U180",25,"F","Univ",FALSE,TRUE,32,2,14,58,-4
"180","U181",29,"M","High",FALSE,FALSE,25,3,9,45,10
"181","U182",26,"F","Univ",FALSE,TRUE,30,1,8,47,5
"182","U183",28,"F","UnivO",FALSE,TRUE,42,5,9,58,-6
"183","U184",26,"M","Univ",FALSE,FALSE,33,4,6,61,1
"184","U185",23,"M","High",FALSE,TRUE,34,2,14,47,2
"185","U186",24,"F","Grad",FALSE,FALSE,32,3,11,43,9
"186","U187",42,"M","GradO",FALSE,TRUE,30,1,10,55,2
"187","U188",31,"M","Univ",FALSE,TRUE,16,5,12,62,-5
"188","U189",25,"F","UnivO",FALSE,TRUE,23,4,9,61,-7
"189","U190",33,"F","Univ",FALSE,FALSE,30,2,10,44,9
"190","U191",29,"M","Univ",FALSE,FALSE,32,3,14,48,11
"191","U192",20,"M","Univ",FALSE,TRUE,30,1,7,53,2
"192","U193",25,"M","Grad",FALSE,TRUE,35,5,11,54,0
"193","U194",49,"F","Univ",FALSE,FALSE,34,4,13,46,10
"194","U195",37,"M","UnivO",FALSE,TRUE,23,2,8,52,3
"195","U196",50,"F","GradO",FALSE,TRUE,33,3,7,54,1
"196","U197",42,"F","UnivO",FALSE,TRUE,34,1,12,54,0
"197","U198",35,"M","Univ",TRUE,FALSE,28,5,10,48,5
"198","U199",22,"F","Univ",FALSE,TRUE,30,4,18,53,-2
"199","U200",30,"M","Univ",FALSE,TRUE,28,2,15,52,5
"200","U201",31,"M","Univ",FALSE,TRUE,40,3,8,52,3
"201","U202",31,"M","High",FALSE,TRUE,33,1,16,56,-2
"202","U203",25,"F","Univ",FALSE,TRUE,32,5,5,64,-15
"203","U204",33,"F","Univ",FALSE,FALSE,30,4,7,46,11
"204","U205",28,"F","High",FALSE,TRUE,35,2,9,56,-6
"205","U206",32,"M","Univ",FALSE,TRUE,22,3,10,51,2
"206","U207",27,"F","Grad",FALSE,FALSE,28,1,7,47,6
"207","U208",29,"M","Univ",FALSE,FALSE,28,5,9,53,3
"208","U209",27,"F","Univ",FALSE,TRUE,28,4,11,55,-4
"209","U210",22,"F","Univ",FALSE,FALSE,33,2,12,49,9
"210","U211",30,"F","High",FALSE,TRUE,33,3,6,56,-1
"211","U212",25,"F","Univ",FALSE,TRUE,30,1,6,64,-8
"212","U213",27,"M","UnivO",FALSE,FALSE,30,5,11,48,7
"213","U214",33,"M","GradO",TRUE,FALSE,32,4,17,60,-9
"214","U215",28,"M","Univ",FALSE,TRUE,34,2,13,55,-5
"215","U216",23,"M","UnivO",FALSE,FALSE,26,3,9,52,0
"216","U217",31,"F","Univ",FALSE,TRUE,33,1,6,54,-6
"217","U218",34,"F","UnivO",TRUE,FALSE,25,5,10,51,4
"218","U219",30,"M","Univ",FALSE,TRUE,19,4,10,54,-3
"219","U220",38,"M","Univ",FALSE,TRUE,24,2,11,51,1
"220","U221",31,"F","High",FALSE,TRUE,42,3,6,48,9
"221","U222",26,"M","Univ",FALSE,TRUE,19,1,11,55,2
"222","U223",26,"F","High",FALSE,TRUE,30,5,8,65,-14
"223","U224",24,"F","Univ",FALSE,TRUE,25,4,6,60,-5
"224","U225",25,"F","GradO",FALSE,TRUE,21,2,12,55,-2
"225","U226",28,"F","High",FALSE,TRUE,34,3,13,52,0
"226","U227",50,"F","Univ",FALSE,TRUE,28,1,6,49,3
"227","U228",26,"M","UnivO",FALSE,TRUE,31,5,5,66,-14
"228","U229",30,"F","Univ",TRUE,FALSE,16,4,6,53,3
"229","U230",31,"F","UnivO",FALSE,FALSE,45,2,12,59,-2
"230","U231",32,"F","Univ",TRUE,TRUE,31,3,9,47,7
"231","U232",31,"M","HighO",FALSE,TRUE,35,1,9,53,2
"232","U233",24,"M","Grad",FALSE,FALSE,26,5,6,47,5
"233","U234",38,"M","High",FALSE,TRUE,31,4,13,53,-1
"234","U235",31,"F","GradO",FALSE,TRUE,27,2,9,58,-3
"235","U236",26,"F","Univ",FALSE,FALSE,29,3,14,58,-3
"236","U237",33,"F","Univ",FALSE,TRUE,43,1,11,49,4
"237","U238",25,"M","Univ",FALSE,TRUE,25,5,8,60,-12
"238","U239",28,"F","Univ",FALSE,TRUE,35,4,6,62,-6
"239","U240",21,"F","Univ",FALSE,FALSE,21,2,9,47,0
"240","U241",28,"M","Univ",FALSE,TRUE,30,3,5,57,3
"241","U242",26,"F","High",FALSE,TRUE,17,1,5,56,-5
"242","U243",26,"F","HighO",FALSE,TRUE,31,5,5,59,-2
"243","U244",29,"M","GradO",FALSE,TRUE,33,4,5,64,-10
"244","U245",23,"M","High",FALSE,TRUE,25,2,11,50,4
"245","U246",29,"F","Univ",FALSE,FALSE,30,3,19,49,2
"246","U247",35,"F","UnivO",FALSE,TRUE,32,1,6,47,5
"247","U248",31,"M","Univ",FALSE,TRUE,31,5,5,60,-6
"248","U249",21,"F","UnivO",FALSE,FALSE,18,4,20,52,0
"249","U250",32,"M","Univ",FALSE,TRUE,42,2,11,56,-8
"250","U251",31,"M","UnivO",FALSE,TRUE,32,3,10,52,2
"251","U252",28,"F","UnivO",FALSE,TRUE,34,1,20,56,-4
"252","U253",27,"F","Univ",FALSE,TRUE,17,5,6,54,-1
"253","U254",27,"M","HighO",FALSE,FALSE,15,4,14,49,3
"254","U255",24,"F","UnivO",FALSE,TRUE,18,2,6,52,1
"255","U256",28,"M","Univ",FALSE,TRUE,29,3,5,59,-3
"256","U257",24,"F","Univ",FALSE,TRUE,45,1,5,58,-6
"257","U258",24,"F","Univ",FALSE,FALSE,23,5,14,44,9
"258","U259",28,"F","High",FALSE,TRUE,30,4,13,51,-3
"259","U260",29,"M","Univ",TRUE,TRUE,30,2,11,54,2
"260","U261",45,"F","Univ",TRUE,TRUE,37,3,6,57,-5
"261","U262",27,"M","UnivO",FALSE,TRUE,27,1,6,52,-4
"262","U263",29,"M","High",FALSE,TRUE,34,5,13,52,-3
"263","U264",27,"F","Univ",FALSE,TRUE,45,4,5,57,-12
"264","U265",26,"F","Univ",FALSE,TRUE,33,2,14,53,0
"265","U266",24,"M","HighO",FALSE,TRUE,20,3,8,54,-5
"266","U267",33,"M","Univ",FALSE,TRUE,28,1,12,54,-7
"267","U268",25,"M","GradO",FALSE,TRUE,33,5,8,60,-7
"268","U269",26,"M","Univ",FALSE,TRUE,28,4,13,50,6
"269","U270",35,"M","Univ",FALSE,TRUE,31,2,11,46,4
"270","U271",25,"F","Univ",FALSE,TRUE,16,3,6,55,-5
"271","U272",34,"M","Univ",FALSE,TRUE,26,1,12,44,5
"272","U273",27,"M","UnivO",FALSE,TRUE,26,5,6,51,2
"273","U274",32,"F","UnivO",FALSE,FALSE,35,4,10,41,10
"274","U275",25,"F","High",FALSE,FALSE,30,2,8,53,-4
"275","U276",30,"M","High",FALSE,TRUE,21,3,13,56,-3
"276","U277",43,"M","UnivO",FALSE,TRUE,20,1,13,51,1
"277","U278",31,"F","GradO",FALSE,FALSE,35,5,8,52,2
"278","U279",25,"M","Univ",FALSE,TRUE,30,4,10,55,-1
"279","U280",25,"F","Univ",FALSE,TRUE,35,2,12,55,-4
"280","U281",26,"F","High",FALSE,TRUE,17,3,10,50,-1
"281","U282",31,"F","Univ",FALSE,TRUE,26,1,6,55,2
"282","U283",21,"F","UnivO",FALSE,TRUE,25,5,14,60,-6
"283","U284",35,"M","Univ",FALSE,TRUE,27,4,13,46,7
"284","U285",35,"M","High",FALSE,FALSE,29,2,14,49,5
"285","U286",25,"M","High",FALSE,TRUE,33,3,12,57,-11
"286","U287",29,"M","Univ",FALSE,FALSE,35,1,10,47,4
"287","U288",24,"M","High",FALSE,FALSE,26,5,5,55,0
"288","U289",28,"F","GradO",FALSE,TRUE,33,4,12,49,3
"289","U290",40,"M","Univ",FALSE,FALSE,43,2,12,44,8
"290","U291",31,"M","HighO",FALSE,TRUE,16,3,12,53,-3
"291","U292",29,"M","HighO",FALSE,FALSE,27,1,14,45,10
"292","U293",21,"M","HighO",FALSE,TRUE,27,5,13,49,10
"293","U294",26,"M","Grad",FALSE,TRUE,30,4,5,54,-3
"294","U295",30,"F","GradO",FALSE,FALSE,30,2,14,42,10
"295","U296",32,"F","High",FALSE,TRUE,26,3,11,45,9
"296","U297",29,"F","Univ",FALSE,TRUE,26,1,10,55,-3
"297","U298",27,"M","HighO",FALSE,FALSE,20,5,9,57,-2
"298","U299",29,"M","Univ",FALSE,TRUE,35,4,14,53,-3
"299","U300",26,"F","Univ",FALSE,TRUE,19,2,9,61,-5
"300","U301",24,"F","Univ",FALSE,TRUE,31,3,10,53,0
"301","U302",22,"F","High",FALSE,TRUE,19,1,11,52,0
"302","U303",29,"M","Univ",FALSE,FALSE,33,5,14,44,7
"303","U304",30,"M","HighO",FALSE,TRUE,15,4,11,55,-8
"304","U305",23,"F","High",FALSE,TRUE,18,2,9,45,10
"305","U306",29,"M","Univ",FALSE,TRUE,30,3,14,52,3
"306","U307",27,"M","Univ",FALSE,TRUE,30,1,7,54,-2
"307","U308",22,"M","GradO",TRUE,FALSE,25,5,8,52,2
"308","U309",28,"M","High",FALSE,TRUE,35,4,19,56,0
"309","U310",33,"M","High",FALSE,FALSE,29,2,12,41,14
"310","U311",23,"F","High",FALSE,FALSE,30,3,11,52,1
"311","U312",29,"F","UnivO",FALSE,FALSE,29,1,5,57,0
"312","U313",31,"F","Univ",TRUE,FALSE,28,5,17,54,1
"313","U314",30,"M","Univ",FALSE,TRUE,40,4,12,48,8
"314","U315",25,"F","Univ",TRUE,FALSE,26,2,8,60,-5
"315","U316",24,"M","Univ",FALSE,TRUE,33,3,8,49,3
"316","U317",27,"M","Univ",TRUE,TRUE,29,1,8,65,-8
"317","U318",31,"M","Univ",FALSE,TRUE,26,5,9,58,-2
"318","U319",26,"M","Univ",FALSE,TRUE,27,4,10,53,0
"319","U320",42,"F","UnivO",FALSE,TRUE,23,2,9,49,0
"320","U321",26,"M","HighO",FALSE,TRUE,24,3,11,54,-4
"321","U322",42,"F","GradO",FALSE,TRUE,35,1,20,58,-9
"322","U323",27,"F","UnivO",FALSE,TRUE,30,5,9,57,-4
"323","U324",24,"F","Univ",FALSE,FALSE,34,4,6,48,-1
"324","U325",24,"M","Univ",FALSE,TRUE,35,2,12,54,-7
"325","U326",27,"F","High",FALSE,TRUE,35,3,7,60,-9
"326","U327",31,"M","High",FALSE,TRUE,35,1,19,60,-11
"327","U328",24,"M","Univ",FALSE,FALSE,35,5,10,40,16
"328","U329",29,"F","Univ",TRUE,TRUE,17,4,10,57,-1
"329","U330",22,"F","Univ",FALSE,TRUE,35,2,6,51,4
"330","U331",32,"F","Univ",FALSE,TRUE,30,3,12,51,0
"331","U332",48,"M","UnivO",FALSE,TRUE,21,1,8,55,-1
"332","U333",23,"M","Univ",FALSE,TRUE,35,5,5,56,1
"333","U334",27,"F","UnivO",FALSE,FALSE,31,4,8,49,1
"334","U335",31,"F","GradO",FALSE,FALSE,34,2,12,55,-2
"335","U336",25,"F","UnivO",TRUE,FALSE,27,3,6,53,0
"336","U337",26,"F","Univ",FALSE,TRUE,18,1,9,55,0
"337","U338",27,"F","UnivO",FALSE,FALSE,34,5,13,56,2
"338","U339",23,"M","Univ",TRUE,FALSE,29,4,8,45,9
"339","U340",28,"F","Univ",FALSE,TRUE,28,2,5,58,0
"340","U341",22,"F","Univ",FALSE,TRUE,29,3,11,58,-5
"341","U342",25,"M","High",FALSE,FALSE,30,1,13,57,-2
"342","U343",31,"F","GradO",FALSE,FALSE,29,5,5,47,5
"343","U344",21,"M","Univ",FALSE,TRUE,40,4,10,50,4
"344","U345",25,"M","Univ",FALSE,TRUE,30,2,12,54,4
"345","U346",26,"F","Univ",FALSE,FALSE,25,3,10,55,-6
"346","U347",25,"M","UnivO",FALSE,TRUE,25,1,8,60,-9
"347","U348",30,"M","UnivO",FALSE,TRUE,40,5,9,57,0
"348","U349",20,"F","UnivO",FALSE,TRUE,27,4,7,63,-9
"349","U350",25,"F","Univ",FALSE,TRUE,36,2,12,57,-2
"350","U351",24,"F","Univ",FALSE,TRUE,21,3,14,45,7
"351","U352",35,"F","High",FALSE,FALSE,35,1,13,46,8
"352","U353",25,"M","Univ",FALSE,TRUE,29,5,16,52,2
"353","U354",35,"M","UnivO",FALSE,TRUE,31,4,14,57,-4
"354","U355",20,"M","High",FALSE,TRUE,21,2,13,45,9
"355","U356",23,"M","GradO",FALSE,TRUE,32,3,9,48,6
"356","U357",31,"F","Univ",FALSE,FALSE,26,1,6,53,-4
"357","U358",32,"F","Univ",FALSE,TRUE,20,5,6,56,-4
"358","U359",30,"F","Grad",FALSE,FALSE,27,4,8,53,1
"359","U360",35,"F","High",FALSE,TRUE,31,2,10,52,1
"360","U361",24,"F","Univ",FALSE,TRUE,27,3,12,45,8
"361","U362",29,"M","GradO",TRUE,TRUE,31,1,14,63,-9
"362","U363",30,"M","Univ",FALSE,TRUE,18,5,12,59,-7
"363","U364",27,"M","High",FALSE,TRUE,32,4,13,56,3
"364","U365",44,"M","UnivO",TRUE,FALSE,30,2,6,51,5
"365","U366",21,"M","UnivO",FALSE,TRUE,15,3,12,50,3
"366","U367",29,"M","Univ",FALSE,TRUE,31,1,15,61,-6
"367","U368",25,"M","Univ",FALSE,TRUE,26,5,13,48,5
"368","U369",38,"M","High",FALSE,FALSE,22,4,6,49,0
"369","U370",34,"M","Univ",FALSE,TRUE,34,2,11,54,-4
"370","U371",23,"M","UnivO",TRUE,FALSE,35,3,11,45,10
"371","U372",24,"F","Univ",FALSE,TRUE,44,1,8,48,6
"372","U373",41,"F","Univ",FALSE,TRUE,33,5,11,53,-1
"373","U374",28,"M","High",FALSE,FALSE,33,4,9,59,-8
"374","U375",27,"F","Univ",FALSE,TRUE,24,2,14,53,0
"375","U376",24,"M","Univ",FALSE,TRUE,33,3,10,45,10
"376","U377",33,"F","High",FALSE,TRUE,35,1,13,49,1
"377","U378",26,"M","Univ",FALSE,FALSE,35,5,5,61,-7
"378","U379",31,"F","Univ",FALSE,TRUE,19,4,7,61,-8
"379","U380",29,"F","Univ",FALSE,TRUE,28,2,14,57,-5
"380","U381",25,"F","Univ",FALSE,TRUE,27,3,9,53,-2
"381","U382",26,"F","Univ",FALSE,FALSE,34,1,6,52,0
"382","U383",26,"F","High",FALSE,TRUE,16,5,13,48,4
"383","U384",24,"F","UnivO",FALSE,FALSE,26,4,8,51,3
"384","U385",25,"M","High",FALSE,TRUE,32,2,5,53,4
"385","U386",24,"M","GradO",FALSE,TRUE,39,3,9,52,4
"386","U387",30,"F","Univ",FALSE,TRUE,33,1,7,61,-5
"387","U388",27,"M","HighO",FALSE,TRUE,25,5,6,57,-1
"388","U389",21,"M","Univ",FALSE,TRUE,18,4,14,51,6
"389","U390",20,"F","GradO",FALSE,FALSE,29,2,10,49,3
"390","U391",29,"M","Univ",FALSE,TRUE,30,3,9,60,-7
"391","U392",34,"F","High",FALSE,TRUE,34,1,15,48,2
"392","U393",35,"F","Univ",TRUE,TRUE,41,5,11,61,-10
"393","U394",31,"M","Univ",FALSE,FALSE,15,4,12,47,4
"394","U395",27,"F","UnivO",FALSE,FALSE,25,2,9,52,3
"395","U396",21,"F","UnivO",TRUE,FALSE,34,3,6,56,-8
"396","U397",31,"F","Univ",TRUE,FALSE,32,1,14,53,-6
"397","U398",31,"F","Univ",FALSE,FALSE,21,5,7,59,-5
"398","U399",26,"F","Univ",TRUE,FALSE,16,4,8,57,1
"399","U400",27,"M","Grad",TRUE,TRUE,31,2,14,54,0
"400","U401",31,"F","Univ",FALSE,TRUE,31,3,6,56,-2
"401","U402",28,"M","Univ",FALSE,TRUE,30,1,13,57,-5
"402","U403",32,"M","Grad",FALSE,TRUE,37,5,11,56,-4
"403","U404",35,"F","Univ",FALSE,TRUE,17,4,12,49,1
"404","U405",31,"F","Univ",FALSE,FALSE,44,2,11,41,11
"405","U406",24,"M","Univ",TRUE,FALSE,26,3,12,49,7
"406","U407",33,"F","Univ",FALSE,TRUE,39,1,12,48,7
"407","U408",24,"F","Univ",FALSE,FALSE,34,5,10,52,2
"408","U409",28,"F","Grad",TRUE,TRUE,29,4,10,66,-11
"409","U410",30,"M","High",FALSE,TRUE,35,2,6,62,-6
"410","U411",32,"F","Univ",FALSE,FALSE,35,3,15,46,7
"411","U412",38,"M","High",FALSE,TRUE,35,1,11,50,4
"412","U413",20,"F","UnivO",FALSE,TRUE,29,5,14,55,-5
"413","U414",26,"F","Univ",FALSE,TRUE,17,4,14,50,7
"414","U415",37,"M","GradO",FALSE,TRUE,35,2,14,46,5
"415","U416",28,"M","High",FALSE,TRUE,35,3,14,60,-6
"416","U417",31,"M","UnivO",FALSE,TRUE,32,1,10,50,5
"417","U418",32,"M","High",FALSE,TRUE,28,5,13,60,-10
"418","U419",26,"M","Grad",FALSE,TRUE,31,4,8,61,-9
"419","U420",30,"M","Univ",FALSE,TRUE,27,2,14,46,8
"420","U421",29,"M","Univ",TRUE,TRUE,25,3,9,53,4
"421","U422",23,"M","Univ",FALSE,TRUE,37,1,13,51,-1
"422","U423",25,"F","Grad",FALSE,TRUE,17,5,8,60,-7
"423","U424",24,"M","Grad",FALSE,TRUE,34,4,10,50,5
"424","U425",20,"F","Univ",FALSE,TRUE,29,2,8,51,-3
"425","U426",24,"M","UnivO",FALSE,TRUE,17,3,13,46,4
"426","U427",26,"M","Univ",FALSE,TRUE,32,1,19,54,-3
"427","U428",28,"M","Univ",FALSE,FALSE,31,5,7,50,3
"428","U429",25,"M","Univ",FALSE,FALSE,26,4,9,60,-2
"429","U430",27,"M","Univ",FALSE,FALSE,31,2,12,47,2
"430","U431",31,"F","High",FALSE,FALSE,24,3,9,57,-2
"431","U432",32,"F","High",FALSE,TRUE,26,1,9,48,8
"432","U433",31,"F","Univ",FALSE,TRUE,28,5,9,62,-13
"433","U434",23,"F","High",FALSE,TRUE,29,4,10,53,5
"434","U435",27,"F","UnivO",FALSE,TRUE,21,2,10,47,6
"435","U436",31,"M","Univ",FALSE,TRUE,34,3,6,53,1
"436","U437",25,"F","UnivO",FALSE,TRUE,30,1,13,56,-3
"437","U438",20,"F","Univ",FALSE,TRUE,28,5,14,48,7
"438","U439",34,"F","UnivO",FALSE,TRUE,25,4,13,50,3
"439","U440",30,"F","Univ",FALSE,TRUE,29,2,13,48,10
"440","U441",38,"M","Grad",FALSE,TRUE,32,3,9,50,10
"441","U442",44,"F","Univ",FALSE,TRUE,25,1,8,49,8
"442","U443",33,"M","Univ",FALSE,TRUE,25,5,8,50,4
"443","U444",31,"F","UnivO",FALSE,TRUE,19,4,12,53,0
"444","U445",22,"F","GradO",FALSE,TRUE,38,2,8,57,-6
"445","U446",30,"F","Univ",TRUE,TRUE,26,3,5,56,-1
"446","U447",46,"M","Univ",FALSE,TRUE,26,1,7,51,0
"447","U448",28,"M","UnivO",TRUE,FALSE,27,5,11,59,-4
"448","U449",31,"M","Univ",FALSE,TRUE,25,4,11,54,0
"449","U450",25,"M","Univ",FALSE,TRUE,39,2,8,55,-5
"450","U451",26,"F","Univ",FALSE,FALSE,30,3,8,46,6
"451","U452",32,"M","Univ",FALSE,TRUE,45,1,12,47,7
"452","U453",22,"F","Univ",FALSE,TRUE,20,5,20,54,-5
"453","U454",20,"M","Univ",FALSE,TRUE,33,4,20,53,1
"454","U455",32,"F","Univ",FALSE,FALSE,30,2,9,45,6
"455","U456",31,"F","Univ",FALSE,TRUE,18,3,14,57,-8
"456","U457",25,"F","Univ",FALSE,TRUE,32,1,9,52,-4
"457","U458",28,"M","Univ",FALSE,TRUE,30,5,6,54,1
"458","U459",30,"F","Univ",FALSE,TRUE,26,4,14,61,-6
"459","U460",27,"M","Univ",FALSE,TRUE,31,2,5,58,0
"460","U461",24,"M","UnivO",FALSE,FALSE,32,3,10,53,-3
"461","U462",39,"F","UnivO",FALSE,FALSE,32,1,14,46,10
"462","U463",24,"M","Univ",FALSE,TRUE,43,5,11,50,2
"463","U464",30,"M","High",FALSE,TRUE,23,4,13,53,1
"464","U465",27,"F","High",FALSE,TRUE,30,2,6,53,-1
"465","U466",27,"F","Univ",FALSE,TRUE,28,3,5,52,0
"466","U467",31,"F","Univ",FALSE,TRUE,30,1,8,55,-1
"467","U468",25,"M","Univ",FALSE,FALSE,20,5,10,47,4
"468","U469",28,"F","High",FALSE,TRUE,34,4,18,56,-7
"469","U470",31,"F","Univ",FALSE,TRUE,32,2,14,49,5
"470","U471",25,"M","GradO",TRUE,FALSE,36,3,10,54,-2
"471","U472",26,"M","GradO",FALSE,TRUE,29,1,5,57,-5
"472","U473",25,"F","Univ",TRUE,FALSE,34,5,9,62,-8
"473","U474",22,"M","UnivO",FALSE,TRUE,30,4,7,48,4
"474","U475",27,"F","HighO",FALSE,TRUE,33,2,12,47,2
"475","U476",23,"M","Univ",FALSE,TRUE,28,3,10,54,4
"476","U477",28,"M","Univ",FALSE,TRUE,25,1,5,55,-3
"477","U478",29,"F","Grad",FALSE,TRUE,27,5,9,59,-2
"478","U479",34,"F","GradO",TRUE,FALSE,15,4,13,55,3
"479","U480",25,"F","Univ",FALSE,FALSE,35,2,11,41,11
"480","U481",29,"F","HighO",FALSE,FALSE,35,3,14,54,-6
"481","U482",30,"M","Grad",FALSE,FALSE,30,1,5,57,-3
"482","U483",28,"M","Univ",FALSE,TRUE,26,5,9,64,-13
"483","U484",24,"M","Univ",FALSE,TRUE,28,4,17,49,6
"484","U485",26,"F","Univ",FALSE,TRUE,35,2,13,48,0
"485","U486",26,"M","UnivO",FALSE,FALSE,41,3,6,58,-4
"486","U487",33,"M","GradO",FALSE,TRUE,30,1,13,48,6
"487","U488",34,"M","GradO",FALSE,TRUE,30,5,12,51,6
"488","U489",32,"F","Univ",FALSE,TRUE,18,4,11,56,0
"489","U490",27,"F","High",FALSE,TRUE,34,2,19,50,0
"490","U491",29,"F","Univ",FALSE,TRUE,27,3,13,55,-3
"491","U492",32,"F","High",FALSE,TRUE,26,1,10,52,-4
"492","U493",23,"F","Grad",FALSE,TRUE,35,5,16,51,1
"493","U494",24,"M","Univ",FALSE,TRUE,30,4,8,50,1
"494","U495",30,"F","HighO",FALSE,TRUE,35,2,9,57,-3
"495","U496",26,"M","HighO",FALSE,FALSE,35,3,12,49,6
"496","U497",31,"M","Univ",TRUE,FALSE,31,1,9,52,2
"497","U498",25,"F","High",FALSE,FALSE,33,5,7,59,-6
"498","U499",29,"F","HighO",FALSE,FALSE,30,4,14,53,3
"499","U500",28,"M","GradO",FALSE,TRUE,38,2,8,61,-7
"500","U501",28,"F","HighO",FALSE,FALSE,25,3,12,47,5
"501","U502",36,"F","Univ",FALSE,TRUE,31,1,14,46,6
"502","U503",37,"M","High",FALSE,FALSE,31,5,8,46,7
"503","U504",25,"M","GradO",TRUE,TRUE,32,4,6,62,-9
"504","U505",30,"F","Univ",TRUE,FALSE,29,2,10,43,12
"505","U506",41,"M","Univ",FALSE,TRUE,39,3,5,55,0
"506","U507",35,"M","Univ",FALSE,FALSE,30,1,5,44,15
"507","U508",48,"M","Univ",FALSE,FALSE,25,5,10,47,7
"508","U509",24,"M","Grad",FALSE,FALSE,32,4,11,52,6
"509","U510",32,"F","Univ",FALSE,TRUE,42,2,7,51,3
"510","U511",27,"M","UnivO",TRUE,TRUE,24,3,10,59,-6
"511","U512",22,"F","Univ",FALSE,TRUE,27,1,12,46,8
"512","U513",20,"F","UnivO",FALSE,TRUE,19,5,17,51,0
"513","U514",31,"F","UnivO",FALSE,TRUE,17,4,13,57,0
"514","U515",27,"M","High",FALSE,FALSE,41,2,12,45,7
"515","U516",34,"F","Grad",FALSE,TRUE,17,3,14,58,-4
"516","U517",31,"F","High",FALSE,TRUE,28,1,17,47,3
"517","U518",27,"F","UnivO",FALSE,TRUE,30,5,10,56,-4
"518","U519",29,"M","Univ",FALSE,TRUE,34,4,11,49,4
"519","U520",27,"M","Univ",FALSE,FALSE,30,2,12,48,4
"520","U521",42,"F","GradO",FALSE,TRUE,34,3,11,56,-5
"521","U522",26,"F","Univ",FALSE,FALSE,28,1,8,59,-11
"522","U523",27,"M","Univ",FALSE,FALSE,21,5,9,47,9
"523","U524",21,"F","Univ",FALSE,TRUE,26,4,8,53,3
"524","U525",31,"M","HighO",FALSE,TRUE,28,2,10,50,1
"525","U526",44,"F","UnivO",FALSE,TRUE,17,3,7,48,7
"526","U527",24,"F","UnivO",FALSE,TRUE,24,1,8,53,-2
"527","U528",26,"M","UnivO",FALSE,TRUE,33,5,13,58,-4
"528","U529",31,"M","GradO",FALSE,TRUE,22,4,8,53,2
"529","U530",26,"F","HighO",FALSE,FALSE,35,2,7,48,8
"530","U531",25,"M","Grad",FALSE,FALSE,42,3,13,50,11
"531","U532",30,"F","High",FALSE,TRUE,29,1,14,52,5
"532","U533",28,"F","High",FALSE,TRUE,28,5,5,64,-12
"533","U534",33,"M","GradO",FALSE,TRUE,18,4,12,51,2
"534","U535",27,"F","Univ",FALSE,FALSE,27,2,5,55,0
"535","U536",22,"F","High",FALSE,FALSE,32,3,9,42,9
"536","U537",29,"M","Univ",TRUE,TRUE,32,1,7,57,-4
"537","U538",28,"M","Grad",FALSE,FALSE,31,5,7,52,1
"538","U539",33,"F","UnivO",FALSE,FALSE,26,4,11,45,3
"539","U540",31,"F","UnivO",TRUE,TRUE,16,2,19,56,-2
"540","U541",24,"F","GradO",TRUE,FALSE,26,3,8,43,14
"541","U542",28,"M","UnivO",TRUE,TRUE,17,1,11,59,-3
"542","U543",21,"M","High",FALSE,TRUE,45,5,13,50,3
"543","U544",27,"M","Univ",FALSE,TRUE,36,4,6,56,-2
"544","U545",34,"M","UnivO",FALSE,FALSE,24,2,17,45,9
"545","U546",28,"F","High",FALSE,TRUE,25,3,5,49,-1
"546","U547",38,"F","GradO",TRUE,TRUE,31,1,5,50,1
"547","U548",47,"F","High",FALSE,FALSE,33,5,8,43,13
"548","U549",20,"M","GradO",FALSE,TRUE,33,4,14,47,11
"549","U550",21,"M","UnivO",FALSE,TRUE,32,2,15,56,-2
"550","U551",26,"F","UnivO",FALSE,TRUE,32,3,13,63,-9
"551","U552",24,"M","Univ",FALSE,TRUE,25,1,9,46,9
"552","U553",35,"F","Univ",FALSE,TRUE,16,5,16,56,3
"553","U554",27,"F","High",FALSE,TRUE,34,4,14,55,-5
"554","U555",42,"M","GradO",FALSE,TRUE,32,2,6,49,9
"555","U556",22,"F","GradO",FALSE,FALSE,34,3,13,48,10
"556","U557",28,"M","Univ",FALSE,FALSE,31,1,14,51,-4
"557","U558",26,"F","UnivO",FALSE,TRUE,30,5,10,52,2
"558","U559",28,"F","High",FALSE,FALSE,33,4,8,61,-10
"559","U560",41,"M","High",FALSE,TRUE,25,2,8,46,2
"560","U561",24,"M","Univ",FALSE,TRUE,16,3,14,50,-1
"561","U562",21,"M","UnivO",FALSE,FALSE,33,1,14,45,7
"562","U563",30,"M","UnivO",FALSE,TRUE,42,5,13,62,-8
"563","U564",35,"F","Univ",FALSE,TRUE,31,4,13,53,1
"564","U565",24,"F","UnivO",FALSE,TRUE,17,2,12,47,7
"565","U566",47,"M","Univ",FALSE,TRUE,33,3,7,50,6
"566","U567",33,"M","High",FALSE,FALSE,34,1,13,41,9
"567","U568",29,"F","High",FALSE,FALSE,15,5,10,54,4
"568","U569",27,"F","High",FALSE,TRUE,34,4,16,53,-3
"569","U570",27,"M","Univ",FALSE,FALSE,17,2,13,54,-3
"570","U571",30,"F","UnivO",FALSE,FALSE,30,3,14,48,6
"571","U572",41,"M","Grad",FALSE,TRUE,33,1,8,48,7
"572","U573",26,"F","Univ",FALSE,TRUE,27,5,12,51,2
"573","U574",28,"F","UnivO",FALSE,FALSE,30,4,9,60,-6
"574","U575",31,"F","GradO",FALSE,TRUE,35,2,15,51,3
"575","U576",25,"M","Univ",FALSE,TRUE,30,3,12,55,-2
"576","U577",27,"M","High",FALSE,TRUE,25,1,12,51,-1
"577","U578",29,"M","High",FALSE,TRUE,28,5,10,55,1
"578","U579",31,"F","UnivO",FALSE,TRUE,15,4,11,56,-6
"579","U580",37,"F","Grad",FALSE,TRUE,30,2,12,46,7
"580","U581",48,"F","Univ",FALSE,TRUE,31,3,11,48,4
"581","U582",24,"M","Univ",FALSE,FALSE,26,1,9,48,6
"582","U583",28,"F","Univ",FALSE,TRUE,24,5,8,62,-12
"583","U584",25,"F","Univ",FALSE,TRUE,25,4,11,62,-7
"584","U585",24,"M","UnivO",TRUE,TRUE,31,2,8,50,7
"585","U586",27,"F","High",FALSE,TRUE,31,3,9,56,-3
"586","U587",24,"F","Univ",FALSE,TRUE,25,1,12,54,-3
"587","U588",23,"M","Univ",FALSE,FALSE,26,5,7,58,-6
"588","U589",20,"F","UnivO",FALSE,TRUE,19,4,9,61,-4
"589","U590",29,"F","Univ",FALSE,TRUE,19,2,8,49,7
"590","U591",23,"M","HighO",FALSE,FALSE,25,3,13,42,14
"591","U592",43,"M","HighO",FALSE,TRUE,44,1,9,44,9
"592","U593",27,"M","Univ",FALSE,FALSE,36,5,6,50,1
"593","U594",29,"M","Univ",FALSE,TRUE,38,4,14,53,-7
"594","U595",24,"M","Grad",FALSE,TRUE,32,2,9,54,0
"595","U596",29,"M","Univ",TRUE,FALSE,35,3,5,57,-7
"596","U597",29,"M","Univ",FALSE,FALSE,26,1,5,52,2
"597","U598",30,"M","GradO",FALSE,TRUE,30,5,8,60,-9
"598","U599",31,"M","High",FALSE,TRUE,21,4,8,60,-8
"599","U600",27,"F","Univ",FALSE,FALSE,37,2,14,54,2
"600","U601",26,"M","Univ",FALSE,FALSE,29,3,10,50,5
"601","U602",25,"F","UnivO",FALSE,TRUE,40,1,5,56,-2
"602","U603",26,"F","Univ",FALSE,FALSE,32,5,13,49,4
"603","U604",29,"M","High",FALSE,TRUE,30,4,12,59,-7
"604","U605",29,"F","Univ",FALSE,TRUE,35,2,9,56,0
"605","U606",26,"M","Univ",FALSE,FALSE,31,3,6,54,7
"606","U607",40,"M","High",FALSE,FALSE,17,1,14,44,8
"607","U608",27,"F","UnivO",FALSE,FALSE,26,5,20,58,-4
"608","U609",30,"M","UnivO",FALSE,FALSE,17,4,11,58,-11
"609","U610",26,"F","GradO",FALSE,TRUE,30,2,6,60,-9
"610","U611",27,"F","Univ",FALSE,FALSE,34,3,7,51,-3
"611","U612",48,"F","High",FALSE,TRUE,33,1,6,46,10
"612","U613",25,"M","Univ",TRUE,TRUE,34,5,13,56,-3
"613","U614",25,"M","Grad",FALSE,FALSE,16,4,7,49,1
"614","U615",20,"F","Univ",FALSE,TRUE,32,2,10,47,1
"615","U616",25,"M","Univ",FALSE,TRUE,26,3,9,48,4
"616","U617",26,"F","UnivO",FALSE,TRUE,26,1,14,54,-7
"617","U618",31,"F","Univ",FALSE,FALSE,20,5,11,57,-5
"618","U619",34,"F","Univ",FALSE,TRUE,32,4,18,54,3
"619","U620",30,"M","Univ",FALSE,TRUE,35,2,12,46,0
"620","U621",22,"M","Univ",FALSE,FALSE,32,3,12,43,10
"621","U622",24,"F","Univ",FALSE,TRUE,15,1,5,50,2
"622","U623",28,"M","Univ",FALSE,TRUE,17,5,11,52,-3
"623","U624",37,"M","Univ",FALSE,TRUE,35,4,13,49,6
"624","U625",25,"M","UnivO",FALSE,TRUE,35,2,7,60,-7
"625","U626",20,"F","GradO",FALSE,TRUE,16,3,14,43,11
"626","U627",30,"M","Univ",FALSE,TRUE,31,1,14,57,-5
"627","U628",22,"M","High",FALSE,TRUE,31,5,17,49,8
"628","U629",25,"F","HighO",FALSE,FALSE,29,4,11,48,7
"629","U630",31,"F","High",FALSE,TRUE,31,2,13,52,2
"630","U631",39,"F","GradO",FALSE,FALSE,28,3,11,53,-3
"631","U632",31,"F","Univ",FALSE,TRUE,34,1,7,58,-3
"632","U633",29,"M","Univ",FALSE,FALSE,20,5,10,52,-3
"633","U634",31,"F","Univ",TRUE,FALSE,22,4,18,50,5
"634","U635",22,"M","High",FALSE,TRUE,34,2,14,45,8
"635","U636",38,"F","Univ",FALSE,TRUE,25,3,10,56,-2
"636","U637",26,"F","Univ",TRUE,TRUE,34,1,11,58,-8
"637","U638",35,"M","High",FALSE,TRUE,30,5,5,46,7
"638","U639",25,"F","High",FALSE,TRUE,35,4,6,53,4
"639","U640",26,"F","HighO",FALSE,FALSE,42,2,10,43,12
"640","U641",30,"M","High",FALSE,FALSE,32,3,11,43,10
"641","U642",25,"M","UnivO",FALSE,TRUE,31,1,8,56,-6
"642","U643",31,"M","Univ",TRUE,TRUE,26,5,12,59,-5
"643","U644",21,"F","HighO",FALSE,FALSE,18,4,16,52,1
"644","U645",24,"M","Univ",FALSE,TRUE,31,2,14,45,12
"645","U646",25,"F","Univ",FALSE,TRUE,32,3,11,50,2
"646","U647",25,"F","UnivO",FALSE,FALSE,25,1,7,47,8
"647","U648",38,"F","Univ",FALSE,TRUE,25,5,10,46,1
"648","U649",31,"F","Univ",FALSE,TRUE,34,4,10,50,6
"649","U650",46,"M","Univ",FALSE,FALSE,32,2,11,42,14
"650","U651",27,"M","Univ",FALSE,FALSE,34,3,15,51,0
"651","U652",31,"M","HighO",FALSE,TRUE,35,1,18,47,6
"652","U653",50,"F","HighO",FALSE,TRUE,43,5,7,51,2
"653","U654",30,"F","High",FALSE,TRUE,31,4,9,62,-8
"654","U655",26,"M","Univ",TRUE,TRUE,30,2,14,54,-2
"655","U656",31,"F","High",FALSE,TRUE,16,3,13,50,1
"656","U657",46,"F","High",FALSE,TRUE,30,1,9,53,-1
"657","U658",25,"F","GradO",FALSE,TRUE,33,5,5,63,-7
"658","U659",26,"M","Grad",FALSE,TRUE,33,4,5,57,-2
"659","U660",22,"F","Univ",FALSE,TRUE,25,2,15,51,5
"660","U661",28,"M","UnivO",FALSE,TRUE,44,3,14,57,3
"661","U662",22,"F","Univ",FALSE,TRUE,25,1,12,56,-1
"662","U663",40,"M","Grad",FALSE,FALSE,23,5,12,51,1
"663","U664",24,"M","High",FALSE,TRUE,29,4,13,45,5
"664","U665",25,"F","Univ",FALSE,TRUE,42,2,11,59,-10
"665","U666",31,"M","High",FALSE,TRUE,33,3,9,54,4
"666","U667",35,"F","UnivO",FALSE,FALSE,20,1,11,49,3
"667","U668",24,"F","High",FALSE,TRUE,31,5,14,47,8
"668","U669",31,"M","High",FALSE,TRUE,26,4,15,53,6
"669","U670",32,"F","Univ",TRUE,FALSE,30,2,7,47,7
"670","U671",24,"F","Grad",FALSE,FALSE,32,3,12,48,6
"671","U672",23,"F","GradO",FALSE,TRUE,41,1,10,52,2
"672","U673",26,"M","HighO",FALSE,FALSE,30,5,8,54,2
"673","U674",27,"M","Univ",FALSE,TRUE,41,4,12,55,-4
"674","U675",20,"M","High",FALSE,TRUE,25,2,5,49,1
"675","U676",45,"F","Univ",FALSE,TRUE,17,3,13,54,-3
"676","U677",31,"M","GradO",FALSE,TRUE,30,1,8,56,-1
"677","U678",45,"F","High",FALSE,FALSE,27,5,5,54,0
"678","U679",24,"F","Univ",FALSE,TRUE,28,4,14,52,4
"679","U680",23,"F","Univ",TRUE,TRUE,29,2,12,53,1
"680","U681",28,"F","Univ",FALSE,TRUE,28,3,12,53,1
"681","U682",24,"F","Univ",FALSE,FALSE,31,1,10,51,2
"682","U683",31,"M","Univ",FALSE,TRUE,26,5,7,56,0
"683","U684",25,"F","Univ",FALSE,FALSE,37,4,6,49,6
"684","U685",48,"M","Univ",FALSE,TRUE,26,2,7,53,2
"685","U686",24,"M","GradO",FALSE,TRUE,28,3,10,57,-10
"686","U687",45,"M","High",FALSE,FALSE,26,1,11,48,1
"687","U688",24,"M","Univ",FALSE,TRUE,32,5,19,49,-1
"688","U689",31,"M","High",FALSE,TRUE,33,4,13,55,-3
"689","U690",28,"F","Univ",FALSE,TRUE,30,2,8,63,-8
"690","U691",44,"M","UnivO",TRUE,TRUE,32,3,7,54,3
"691","U692",28,"F","Univ",FALSE,TRUE,30,1,13,53,3
"692","U693",24,"F","Univ",FALSE,TRUE,34,5,20,53,-4
"693","U694",31,"M","Univ",FALSE,TRUE,23,4,18,48,7
"694","U695",26,"M","Univ",FALSE,TRUE,30,2,9,58,-4
"695","U696",24,"F","Univ",FALSE,TRUE,30,3,9,49,2
"696","U697",25,"M","Univ",FALSE,TRUE,29,1,8,57,-4
"697","U698",30,"F","UnivO",FALSE,TRUE,30,5,13,55,0
"698","U699",26,"F","HighO",FALSE,FALSE,37,4,10,56,3
"699","U700",35,"M","UnivO",FALSE,TRUE,20,2,14,51,3
"700","U701",27,"M","UnivO",FALSE,TRUE,27,3,16,52,-3
"701","U702",29,"F","UnivO",FALSE,TRUE,30,1,5,51,3
"702","U703",32,"M","High",FALSE,FALSE,30,5,8,46,4
"703","U704",28,"F","Univ",FALSE,TRUE,20,4,13,57,-5
"704","U705",26,"F","GradO",FALSE,TRUE,34,2,19,56,-4
"705","U706",26,"F","Univ",FALSE,FALSE,30,3,19,49,2
"706","U707",30,"M","HighO",FALSE,TRUE,17,1,7,60,-7
"707","U708",29,"M","Univ",FALSE,FALSE,27,5,9,50,3
"708","U709",27,"F","HighO",FALSE,FALSE,28,4,18,60,-6
"709","U710",28,"M","High",FALSE,TRUE,30,2,14,56,-5
"710","U711",34,"M","Univ",FALSE,TRUE,35,3,9,51,6
"711","U712",21,"F","HighO",FALSE,FALSE,27,1,8,48,7
"712","U713",23,"M","High",FALSE,TRUE,26,5,6,61,-6
"713","U714",26,"F","High",FALSE,TRUE,33,4,16,62,-3
"714","U715",25,"M","Univ",FALSE,TRUE,17,2,12,54,-3
"715","U716",25,"M","High",FALSE,FALSE,30,3,14,45,11
"716","U717",29,"M","Univ",FALSE,FALSE,27,1,5,52,-2
"717","U718",27,"F","Univ",FALSE,TRUE,30,5,6,57,-4
"718","U719",22,"F","UnivO",TRUE,TRUE,29,4,10,56,-5
"719","U720",24,"M","Univ",TRUE,FALSE,33,2,7,52,-4
"720","U721",35,"M","Univ",TRUE,TRUE,23,3,8,58,-3
"721","U722",24,"M","UnivO",FALSE,TRUE,30,1,9,56,-6
"722","U723",21,"F","Univ",FALSE,TRUE,25,5,8,50,3
"723","U724",24,"M","High",FALSE,TRUE,20,4,12,45,6
"724","U725",31,"M","Univ",FALSE,TRUE,15,2,9,61,-9
"725","U726",20,"M","GradO",TRUE,FALSE,33,3,11,49,1
"726","U727",30,"M","Grad",FALSE,FALSE,34,1,5,52,5
"727","U728",26,"M","Univ",FALSE,TRUE,32,5,8,54,-8
"728","U729",25,"M","HighO",FALSE,TRUE,17,4,9,49,8
"729","U730",22,"F","Univ",FALSE,TRUE,34,2,11,46,8
"730","U731",21,"M","Univ",FALSE,TRUE,25,3,17,49,2
"731","U732",27,"F","Univ",FALSE,TRUE,32,1,8,59,-5
"732","U733",26,"F","UnivO",FALSE,TRUE,16,5,9,57,2
"733","U734",30,"M","Univ",FALSE,TRUE,37,4,8,57,-5
"734","U735",28,"M","Univ",FALSE,TRUE,30,2,14,55,-3
"735","U736",35,"F","HighO",FALSE,TRUE,21,3,15,47,6
"736","U737",29,"M","High",FALSE,TRUE,26,1,12,45,11
"737","U738",49,"M","Univ",FALSE,TRUE,17,5,11,49,3
"738","U739",22,"F","Univ",TRUE,TRUE,16,4,10,53,1
"739","U740",21,"M","Univ",FALSE,FALSE,31,2,13,41,11
"740","U741",24,"F","Univ",FALSE,TRUE,27,3,9,54,1
"741","U742",26,"M","Univ",FALSE,TRUE,15,1,10,54,-3
"742","U743",24,"M","HighO",FALSE,FALSE,31,5,9,46,7
"743","U744",25,"F","UnivO",FALSE,FALSE,28,4,9,51,0
"744","U745",30,"F","UnivO",FALSE,TRUE,25,2,14,51,4
"745","U746",24,"F","Univ",FALSE,TRUE,35,3,8,45,7
"746","U747",29,"M","Univ",FALSE,FALSE,33,1,10,50,2
"747","U748",31,"M","Univ",FALSE,TRUE,34,5,20,56,-9
"748","U749",24,"F","Univ",FALSE,TRUE,34,4,10,53,2
"749","U750",30,"M","High",FALSE,FALSE,28,2,8,52,0
"750","U751",30,"M","Grad",FALSE,TRUE,17,3,13,53,3
"751","U752",35,"F","Univ",TRUE,TRUE,26,1,13,50,1
"752","U753",24,"M","High",FALSE,FALSE,35,5,5,46,7
"753","U754",46,"M","High",FALSE,TRUE,31,4,10,53,-3
"754","U755",25,"F","High",FALSE,TRUE,28,2,8,52,5
"755","U756",38,"M","GradO",TRUE,TRUE,31,3,15,56,-1
"756","U757",31,"M","GradO",FALSE,TRUE,23,1,6,60,-4
"757","U758",22,"M","Univ",FALSE,TRUE,30,5,12,48,8
"758","U759",25,"F","GradO",FALSE,FALSE,30,4,18,54,1
"759","U760",30,"M","High",FALSE,TRUE,21,2,13,52,0
"760","U761",25,"F","UnivO",FALSE,TRUE,33,3,14,54,1
"761","U762",31,"F","Univ",FALSE,TRUE,43,1,10,58,-7
"762","U763",24,"M","UnivO",FALSE,TRUE,25,5,7,56,-3
"763","U764",29,"F","HighO",FALSE,FALSE,25,4,14,59,-3
"764","U765",25,"F","Grad",FALSE,TRUE,35,2,18,54,0
"765","U766",31,"M","Univ",FALSE,TRUE,38,3,13,49,4
"766","U767",23,"F","HighO",FALSE,TRUE,18,1,9,52,2
"767","U768",29,"M","Univ",FALSE,FALSE,35,5,5,53,3
"768","U769",32,"M","High",FALSE,TRUE,34,4,9,55,-4
"769","U770",26,"M","Univ",FALSE,TRUE,16,2,14,58,-12
"770","U771",45,"M","Univ",FALSE,TRUE,27,3,18,52,5
"771","U772",36,"F","UnivO",FALSE,FALSE,28,1,11,53,6
"772","U773",46,"F","High",FALSE,TRUE,38,5,13,57,-4
"773","U774",27,"F","Univ",FALSE,FALSE,38,4,10,48,7
"774","U775",31,"M","High",FALSE,TRUE,17,2,10,56,-6
"775","U776",31,"M","UnivO",FALSE,FALSE,16,3,10,56,0
"776","U777",27,"M","Univ",FALSE,FALSE,37,1,7,51,-1
"777","U778",27,"M","Univ",FALSE,TRUE,25,5,16,50,2
"778","U779",28,"M","UnivO",FALSE,TRUE,40,4,12,63,-13
"779","U780",26,"M","GradO",FALSE,TRUE,26,2,7,50,2
"780","U781",20,"F","Univ",FALSE,FALSE,20,3,14,42,9
"781","U782",24,"M","High",FALSE,TRUE,39,1,11,52,2
"782","U783",24,"F","HighO",FALSE,TRUE,34,5,10,50,-1
"783","U784",26,"F","Univ",FALSE,TRUE,25,4,8,60,-8
"784","U785",27,"F","Univ",FALSE,FALSE,27,2,6,57,-3
"785","U786",30,"F","GradO",FALSE,FALSE,32,3,12,53,-5
"786","U787",43,"F","High",FALSE,TRUE,26,1,6,47,6
"787","U789",32,"F","High",FALSE,TRUE,34,4,17,56,-6
"788","U790",24,"F","Grad",TRUE,TRUE,27,2,14,55,2
"789","U791",35,"M","UnivO",FALSE,FALSE,35,3,14,50,1
"790","U792",26,"M","UnivO",FALSE,FALSE,28,1,10,49,7
"791","U793",31,"F","Univ",FALSE,FALSE,34,5,5,52,0
"792","U794",29,"F","Univ",FALSE,TRUE,29,4,13,61,-13
"793","U795",33,"M","HighO",FALSE,TRUE,26,2,14,44,6
"794","U796",24,"F","GradO",FALSE,FALSE,34,3,7,53,2
"795","U797",31,"F","Univ",FALSE,TRUE,16,1,15,57,-7
"796","U798",42,"F","High",FALSE,FALSE,31,5,8,48,9
"797","U799",25,"F","High",FALSE,FALSE,35,4,13,49,7
"798","U800",45,"M","Univ",FALSE,TRUE,25,2,15,53,0
"799","U801",24,"M","GradO",FALSE,TRUE,18,3,6,55,-4
"800","U802",47,"F","UnivO",FALSE,TRUE,20,1,7,58,-3
"801","U803",29,"M","UnivO",FALSE,TRUE,31,5,7,55,-3
"802","U804",26,"M","High",FALSE,TRUE,27,4,8,57,-5
"803","U805",26,"M","High",FALSE,FALSE,35,2,12,45,8
"804","U806",28,"F","Univ",FALSE,TRUE,30,3,11,58,-4
"805","U807",24,"M","Univ",FALSE,TRUE,22,1,13,54,-1
"806","U808",29,"F","UnivO",FALSE,FALSE,34,5,11,52,-1
"807","U809",31,"F","Univ",FALSE,TRUE,15,4,7,59,-1
"808","U810",30,"M","Univ",TRUE,TRUE,40,2,6,59,-2
"809","U811",28,"F","Univ",FALSE,TRUE,27,3,10,50,3
"810","U812",27,"M","Grad",FALSE,TRUE,15,1,9,61,-9
"811","U813",23,"M","UnivO",FALSE,FALSE,30,5,8,46,7
"812","U814",29,"F","High",FALSE,TRUE,34,4,8,54,-3
"813","U815",24,"M","UnivO",FALSE,FALSE,27,2,5,50,-2
"814","U816",25,"M","Grad",FALSE,TRUE,30,3,9,66,-12
"815","U817",25,"F","Univ",FALSE,TRUE,34,1,8,53,-2
"816","U818",37,"F","Univ",TRUE,TRUE,26,5,17,53,3
"817","U819",28,"F","Univ",FALSE,TRUE,26,4,20,51,-2
"818","U820",30,"F","GradO",FALSE,FALSE,27,2,5,45,7
"819","U821",25,"F","Grad",FALSE,TRUE,27,3,14,64,-11
"820","U822",27,"M","UnivO",FALSE,TRUE,24,1,6,57,-8
"821","U823",25,"F","GradO",FALSE,FALSE,42,5,9,58,-4
"822","U824",26,"M","High",FALSE,TRUE,31,4,14,56,-3
"823","U825",24,"M","Univ",FALSE,TRUE,20,2,5,53,-2
"824","U826",32,"M","Grad",TRUE,TRUE,31,3,11,50,3
"825","U827",24,"F","UnivO",FALSE,TRUE,15,1,8,53,3
"826","U828",27,"M","Univ",FALSE,TRUE,25,5,13,52,1
"827","U829",27,"M","High",FALSE,TRUE,26,4,13,62,-11
"828","U830",30,"F","High",FALSE,TRUE,30,2,6,50,3
"829","U831",26,"M","UnivO",FALSE,FALSE,26,3,6,55,0
"830","U832",41,"M","High",FALSE,TRUE,26,1,12,56,-3
"831","U833",41,"M","Univ",FALSE,TRUE,25,5,9,59,-11
"832","U834",23,"M","High",FALSE,FALSE,28,4,6,49,8
"833","U835",24,"M","Univ",FALSE,TRUE,28,2,15,51,3
"834","U836",29,"F","UnivO",FALSE,TRUE,33,3,12,50,6
"835","U837",32,"M","Univ",FALSE,FALSE,31,1,20,45,8
"836","U838",27,"F","High",FALSE,FALSE,31,5,10,50,2
"837","U839",29,"F","Univ",FALSE,FALSE,22,4,13,48,2
"838","U840",30,"M","Univ",FALSE,TRUE,44,2,14,58,-5
"839","U841",27,"M","Univ",FALSE,TRUE,24,3,7,55,-3
"840","U842",29,"M","GradO",FALSE,FALSE,31,1,10,49,4
"841","U843",30,"M","Grad",FALSE,TRUE,35,5,13,60,-5
"842","U844",27,"F","Univ",FALSE,TRUE,34,4,7,58,-2
"843","U845",30,"M","Univ",FALSE,TRUE,32,2,11,61,-12
"844","U846",21,"M","GradO",FALSE,TRUE,30,3,13,51,5
"845","U847",29,"M","High",FALSE,TRUE,35,1,9,57,-7
"846","U848",20,"F","Univ",FALSE,TRUE,32,5,8,51,3
"847","U849",35,"M","High",FALSE,TRUE,30,4,10,58,-6
"848","U850",35,"F","High",FALSE,TRUE,25,2,14,51,-4
"849","U851",28,"M","Univ",FALSE,FALSE,35,3,9,48,4
"850","U852",20,"F","Univ",FALSE,TRUE,35,1,11,51,2
"851","U853",23,"M","High",FALSE,TRUE,18,5,8,55,-4
"852","U854",27,"F","Univ",FALSE,TRUE,38,4,12,61,-4
"853","U855",29,"F","Grad",FALSE,TRUE,35,2,13,49,4
"854","U856",30,"M","Univ",FALSE,TRUE,25,3,8,58,-6
"855","U857",27,"M","GradO",FALSE,FALSE,22,1,16,55,-7
"856","U858",25,"M","Univ",FALSE,TRUE,24,5,13,58,-5
"857","U859",33,"M","GradO",FALSE,FALSE,22,4,9,55,-8
"858","U860",21,"M","Univ",FALSE,FALSE,38,2,5,47,11
"859","U861",24,"F","Univ",FALSE,FALSE,31,3,5,50,0
"860","U862",30,"M","Univ",FALSE,FALSE,26,1,9,52,0
"861","U863",27,"M","GradO",FALSE,FALSE,32,5,9,53,-2
"862","U864",29,"F","Univ",FALSE,TRUE,39,4,10,53,1
"863","U865",27,"F","Univ",FALSE,TRUE,30,2,6,58,-6
"864","U866",22,"F","UnivO",FALSE,TRUE,32,3,5,50,-2
"865","U867",24,"F","Univ",FALSE,FALSE,30,1,7,55,-1
"866","U868",23,"M","Univ",FALSE,TRUE,35,5,12,49,8
"867","U869",25,"F","Univ",FALSE,TRUE,35,4,8,57,-5
"868","U870",30,"F","GradO",FALSE,FALSE,27,2,10,50,5
"869","U871",21,"F","High",FALSE,FALSE,20,3,12,45,3
"870","U872",21,"M","UnivO",FALSE,TRUE,28,1,11,58,-6
"871","U873",23,"M","UnivO",FALSE,FALSE,29,5,11,44,6
"872","U874",25,"F","Univ",FALSE,TRUE,34,4,13,56,-7
"873","U875",34,"M","UnivO",TRUE,TRUE,34,2,8,54,1
"874","U876",25,"F","GradO",FALSE,TRUE,41,3,7,48,3
"875","U877",26,"F","Univ",FALSE,TRUE,40,1,15,50,6
"876","U878",25,"M","GradO",FALSE,TRUE,25,5,8,59,-9
"877","U879",29,"F","Univ",FALSE,TRUE,32,4,13,55,2
"878","U880",28,"M","Univ",FALSE,FALSE,22,2,16,57,-4
"879","U881",30,"M","Univ",FALSE,TRUE,33,3,9,52,-1
"880","U882",26,"M","Univ",FALSE,TRUE,42,1,10,61,0
"881","U883",29,"F","Univ",FALSE,TRUE,25,5,11,56,0
"882","U884",29,"F","Univ",FALSE,TRUE,28,4,13,61,-6
"883","U885",31,"M","High",FALSE,TRUE,26,2,14,55,-1
"884","U886",21,"M","Grad",TRUE,TRUE,32,3,13,51,0
"885","U887",27,"M","GradO",FALSE,FALSE,34,1,12,58,-4
"886","U888",25,"F","GradO",FALSE,FALSE,26,5,18,53,2
"887","U889",27,"M","UnivO",FALSE,TRUE,28,4,17,55,-4
"888","U890",24,"M","Univ",FALSE,TRUE,32,2,12,47,10
"889","U891",22,"M","Univ",TRUE,TRUE,35,3,8,58,-3
"890","U892",33,"M","UnivO",FALSE,TRUE,31,1,14,58,-8
"891","U893",29,"M","Univ",FALSE,TRUE,29,5,14,55,-5
"892","U894",27,"M","GradO",FALSE,TRUE,29,4,19,51,1
"893","U895",24,"F","High",FALSE,TRUE,29,2,7,54,-1
"894","U896",25,"M","High",FALSE,FALSE,45,3,10,49,2
"895","U897",31,"F","Univ",FALSE,FALSE,35,1,8,59,-4
"896","U898",31,"F","UnivO",TRUE,TRUE,32,5,11,54,1
"897","U899",22,"M","GradO",FALSE,TRUE,34,4,15,53,-5
"898","U900",39,"M","High",FALSE,TRUE,30,2,13,49,3
"899","U901",29,"M","Univ",FALSE,TRUE,28,3,8,49,-1
"900","U902",29,"F","Univ",FALSE,FALSE,31,1,10,42,11
"901","U903",22,"F","Univ",FALSE,TRUE,32,5,7,56,-2
"902","U904",29,"F","GradO",FALSE,TRUE,27,4,5,60,-6
"903","U905",21,"F","UnivO",FALSE,TRUE,38,2,10,49,4
"904","U906",24,"F","HighO",FALSE,TRUE,35,3,14,51,5
"905","U907",24,"F","UnivO",FALSE,TRUE,18,1,7,50,4
"906","U908",26,"M","UnivO",FALSE,FALSE,31,5,17,57,-7
"907","U909",34,"M","Univ",FALSE,TRUE,41,4,5,50,4
"908","U910",25,"F","Univ",FALSE,TRUE,24,2,10,58,-5
"909","U911",24,"F","Univ",TRUE,TRUE,30,3,13,51,0
"910","U912",29,"F","Univ",FALSE,TRUE,29,1,5,56,-3
"911","U913",26,"M","HighO",FALSE,FALSE,23,5,5,53,-6
"912","U914",25,"M","Univ",FALSE,TRUE,35,4,13,56,-2
"913","U915",27,"M","Univ",TRUE,TRUE,44,2,9,57,-5
"914","U916",26,"M","Univ",FALSE,TRUE,27,3,15,50,3
"915","U917",28,"F","HighO",FALSE,TRUE,33,1,10,51,2
"916","U918",22,"F","UnivO",FALSE,FALSE,24,5,15,49,4
"917","U919",22,"M","High",FALSE,TRUE,32,4,13,43,11
"918","U920",32,"M","Univ",FALSE,TRUE,21,2,12,55,2
"919","U921",28,"M","GradO",FALSE,TRUE,30,3,6,60,-2
"920","U922",30,"M","Univ",FALSE,FALSE,37,1,12,44,12
"921","U923",27,"M","Univ",FALSE,FALSE,19,5,7,50,3
"922","U924",25,"F","Grad",TRUE,FALSE,25,4,13,62,-7
"923","U925",28,"F","Univ",FALSE,FALSE,33,2,6,46,6
"924","U926",26,"F","GradO",FALSE,TRUE,35,3,15,57,-5
"925","U927",32,"M","UnivO",FALSE,TRUE,40,1,13,51,-3
"926","U928",31,"F","UnivO",FALSE,TRUE,32,5,7,61,-2
"927","U929",26,"M","UnivO",FALSE,TRUE,41,4,6,60,-3
"928","U930",27,"M","High",FALSE,TRUE,30,2,8,55,-2
"929","U931",24,"F","Univ",FALSE,FALSE,39,3,13,47,6
"930","U932",22,"F","UnivO",FALSE,TRUE,23,1,5,43,13
"931","U933",25,"M","Univ",FALSE,TRUE,32,5,10,49,7
"932","U934",29,"F","GradO",FALSE,TRUE,32,4,12,50,4
"933","U935",25,"F","Grad",FALSE,TRUE,30,2,13,58,-2
"934","U936",30,"M","UnivO",FALSE,TRUE,33,3,12,52,3
"935","U937",27,"F","Univ",FALSE,FALSE,20,1,11,49,6
"936","U938",28,"F","Univ",FALSE,TRUE,25,5,7,60,-11
"937","U939",27,"M","Grad",FALSE,FALSE,27,4,12,47,7
"938","U940",30,"M","HighO",FALSE,TRUE,34,2,11,57,-7
"939","U941",21,"M","Univ",FALSE,FALSE,16,3,6,43,16
"940","U942",30,"F","GradO",TRUE,FALSE,17,1,6,57,-1
"941","U943",49,"F","Univ",TRUE,TRUE,34,5,8,55,1
"942","U944",32,"M","Univ",FALSE,TRUE,17,4,14,55,1
"943","U945",30,"F","HighO",FALSE,TRUE,25,2,6,55,-5
"944","U946",29,"F","UnivO",FALSE,FALSE,35,3,11,44,10
"945","U947",26,"M","High",FALSE,TRUE,25,1,12,57,-5
"946","U948",25,"F","Univ",FALSE,TRUE,22,5,8,64,-10
"947","U949",30,"M","Univ",FALSE,FALSE,29,4,11,57,-3
"948","U950",25,"F","High",FALSE,TRUE,27,2,9,60,-11
"949","U951",33,"F","Univ",FALSE,TRUE,18,3,11,55,-3
"950","U952",20,"F","Univ",FALSE,FALSE,31,1,5,49,4
"951","U953",27,"M","Univ",FALSE,TRUE,30,5,13,60,-10
"952","U954",46,"M","High",FALSE,FALSE,35,4,13,48,1
"953","U955",49,"M","High",FALSE,TRUE,29,2,8,53,-2
"954","U956",24,"F","Univ",FALSE,TRUE,32,3,14,46,5
"955","U957",48,"M","High",FALSE,TRUE,33,1,14,53,4
"956","U958",31,"M","High",FALSE,TRUE,30,5,10,50,6
"957","U959",26,"M","Univ",FALSE,TRUE,29,4,11,50,1
"958","U960",29,"F","Univ",FALSE,TRUE,31,2,9,54,-10
"959","U961",24,"M","High",FALSE,TRUE,32,3,10,48,2
"960","U962",30,"M","Univ",FALSE,TRUE,25,1,11,51,-3
"961","U963",38,"M","Univ",FALSE,TRUE,32,5,5,57,-5
"962","U964",35,"M","High",FALSE,TRUE,32,4,20,59,-11
"963","U965",24,"M","UnivO",TRUE,TRUE,29,2,12,52,-1
"964","U966",27,"F","Univ",FALSE,FALSE,33,3,12,53,-3
"965","U967",31,"M","UnivO",FALSE,TRUE,15,1,18,60,-9
"966","U968",25,"F","UnivO",FALSE,TRUE,35,5,13,61,-10
"967","U969",28,"F","High",FALSE,TRUE,31,4,8,52,0
"968","U970",25,"M","UnivO",FALSE,TRUE,34,2,8,57,-6
"969","U971",23,"F","Univ",FALSE,FALSE,26,3,9,45,7
"970","U972",32,"M","Univ",FALSE,TRUE,23,1,11,48,7
"971","U973",27,"M","Univ",TRUE,FALSE,17,5,13,46,7
"972","U974",33,"M","Univ",FALSE,TRUE,27,4,13,55,-3
"973","U975",25,"M","Univ",FALSE,TRUE,31,2,18,52,2
"974","U976",31,"M","Univ",FALSE,TRUE,36,3,9,61,-10
"975","U977",33,"F","UnivO",FALSE,FALSE,28,1,18,49,7
"976","U978",24,"F","High",FALSE,TRUE,22,5,6,55,-2
"977","U979",23,"M","Grad",FALSE,FALSE,28,4,8,43,15
"978","U980",29,"F","UnivO",TRUE,TRUE,32,2,6,59,-7
"979","U981",35,"F","High",FALSE,TRUE,20,3,13,49,3
"980","U982",23,"F","UnivO",FALSE,FALSE,26,1,13,46,4
"981","U983",26,"F","High",FALSE,TRUE,28,5,11,47,7
"982","U984",31,"M","High",FALSE,TRUE,30,4,9,49,1
"983","U985",22,"M","Univ",FALSE,TRUE,31,2,11,47,4
"984","U986",26,"F","Univ",FALSE,FALSE,45,3,8,51,4
"985","U987",24,"F","High",FALSE,TRUE,33,1,14,47,0
"986","U988",22,"M","GradO",TRUE,FALSE,35,5,11,58,-8
"987","U989",24,"M","HighO",FALSE,TRUE,31,4,9,51,1
"988","U990",24,"M","GradO",FALSE,TRUE,29,2,13,51,4
"989","U991",28,"M","High",FALSE,TRUE,22,3,16,56,-4
"990","U992",29,"F","Univ",FALSE,TRUE,21,1,9,59,-8
"991","U993",23,"M","Grad",FALSE,TRUE,35,5,9,53,4
"992","U994",26,"F","Univ",FALSE,TRUE,29,4,14,58,1
"993","U995",31,"F","High",FALSE,FALSE,36,2,9,49,2
"994","U996",26,"F","Univ",FALSE,FALSE,24,3,17,43,5
"995","U997",32,"M","Univ",FALSE,TRUE,30,1,5,48,5
"996","U998",24,"M","High",FALSE,TRUE,25,5,13,53,-2
"997","U999",22,"M","Univ",FALSE,TRUE,26,4,11,47,5
"998","U1000",24,"F","High",FALSE,TRUE,30,2,7,56,-2
